cle,glaucome,logit_professeur,logit_professeur_gros_plan
images/jsiec/8d053c2ef3c560fb.jpg,0,-3.0150385,-2.2630959
images/jsiec/ecf76b61b0850341.jpg,0,-3.627099,-4.1157703
images/jsiec/2ce90945f20a6688.jpg,0,-1.7136459,-1.5487957
images/jsiec/b99872d39eb133a3.jpg,0,-3.8091292,-2.9948807
images/jsiec/3a3047f13970d3dc.jpg,0,-4.371101,-4.4517317
images/jsiec/250b34b0da5717f4.jpg,0,-3.1488123,-2.369687
images/jsiec/d6b08c8e5529717a.jpg,0,-1.2547531,-1.7121187
images/jsiec/2d32f93aa0d42227.jpg,0,-3.597168,-3.7101731
images/jsiec/e5b25f8f671c1794.jpg,0,-3.2092853,-2.6045547
images/jsiec/58222b114c923bb2.jpg,0,-3.9374053,-3.3754334
images/jsiec/17b5eb2a18ab1b46.jpg,0,-3.2025661,-2.3660219
images/jsiec/2476aceaf7a0a109.jpg,0,-4.036972,-3.6668036
images/jsiec/07e2ff8a08c015a8.jpg,0,-3.9563413,-2.7994123
images/jsiec/566f6212f03d0eac.jpg,0,-2.9565506,-3.7608728
images/jsiec/11697326d9b8ea26.jpg,0,-4.3491106,-4.28314
images/jsiec/6f9b33feb031f3d3.jpg,0,-3.2092853,-2.6045547
images/jsiec/e541a7b1dd3caa92.jpg,0,-4.470057,-3.9661148
images/jsiec/1cbfe0ddf9ace9a0.jpg,0,-3.9227452,-3.950233
images/jsiec/435596bd3f216eb4.jpg,0,-4.543358,-2.9490678
images/jsiec/d1fec9c98ebc2c1f.jpg,0,-3.3986454,-3.4890494
images/jsiec/890ef5a45a360a82.jpg,0,-4.3613276,-4.4272985
images/jsiec/a5a03b7b62672342.jpg,0,-3.5483007,-3.262428
images/jsiec/dc9c47a75202a5d3.jpg,0,-3.6231287,-2.6231852
images/jsiec/84ef9281ec41997d.jpg,0,-3.4640052,-1.8449763
images/jsiec/44f15bed9e8a1fab.jpg,0,-3.1042209,-3.609385
images/jsiec/0864f1b17ec75b99.jpg,0,-4.5751214,-3.8097398
images/jsiec/c6f74c2bf594fa57.jpg,0,-2.5168993,-2.796969
images/jsiec/03d98799b9cfcf6b.jpg,0,-4.4602833,-4.656974
images/jsiec/a4458f71e3e623ff.jpg,0,-3.972834,-4.652087
images/jsiec/ab00c0891ce02e25.jpg,0,-3.5990005,-3.9600062
images/jsiec/a0bafa9f1061f1e6.jpg,0,-3.5348625,-3.4676702
images/jsiec/d488b88a6e04b2eb.jpg,0,-4.2513766,-3.4890494
images/jsiec/2693050fb7191ee7.jpg,0,-4.416914,-3.0498562
images/jsiec/aca6a259c23168cc.jpg,0,-2.745353,-2.122908
images/jsiec/728c8b5c7bcafeb4.jpg,0,-3.8384495,-2.8226242
images/jsiec/fdea54bb89a6ff0e.jpg,0,-4.3014655,-3.7168925
images/jsiec/dfa9847b346518b6.jpg,0,-4.187849,-2.468643
images/jsiec/e656347c74f23555.jpg,0,-3.5544093,-2.423441
images/jsiec/ec1ec28f5a165332.jpg,0,-3.7321634,-1.938282
images/jsiec/73958f651f1bfabd.jpg,0,-4.2098393,-2.4597857
images/jsiec/27c457347ef5221b.jpg,0,-3.5599067,-3.2886944
images/jsiec/f64819a309fc95c7.jpg,0,-3.5947247,-2.7566535
images/jsiec/e42f349f128d4e04.jpg,0,-3.8378386,-2.573402
images/jsiec/edb2306f0544399b.jpg,0,-4.1854057,-1.5213844
images/jsiec/f13482f7b28a49de.jpg,0,-3.9960458,-2.0422773
images/jsiec/a77fabd531b77bbe.jpg,0,-4.204953,-3.1946251
images/jsiec/aa0fc438fcc192dd.jpg,0,-3.4939363,-2.4406972
images/jsiec/4a4ec129f8e462bd.jpg,0,-3.8726563,-2.403894
images/jsiec/bd3ff97adedcd954.jpg,0,-3.4224682,-1.4364777
images/jsiec/e2f3e1dc86d522cc.jpg,0,-3.827454,-4.0229225
images/jsiec/abe93c25000e184c.jpg,0,-3.4352958,-1.6537552
images/jsiec/73e343201b59f5f9.jpg,-1,-1.9127795,-0.6860621
images/jsiec/f971ac91d64390ac.jpg,-1,-1.3614973,-1.0683327
images/jsiec/6636fb82448d87b3.jpg,-1,-1.013238,-1.4888191
images/jsiec/854d6b8b7d30da3e.jpg,-1,-1.2791867,-1.106052
images/jsiec/c42df75cc98d621a.jpg,-1,-1.254295,-0.9939249
images/jsiec/82e3063c6b25ac3e.jpg,-1,-2.4689484,-1.2403984
images/jsiec/743663e6da153475.jpg,-1,-0.5377809,-0.44478068
images/jsiec/58db9a26b0f506e4.jpg,-1,-1.2002358,-0.6504806
images/jsiec/a12651ec54915d7d.jpg,-1,0.1173439,-1.5567749
images/jsiec/e6bb6bf8e43bd3b0.jpg,-1,-1.2513936,-0.5621381
images/jsiec/72683f8bd13ee41f.jpg,-1,-1.0120974,-0.5681701
images/jsiec/b042b7f14bc7eabc.jpg,-1,-0.10744482,-1.769385
images/jsiec/f0731ffb15f324a0.jpg,-1,-1.7649564,-0.32429263
images/jsiec/4379cfebd548cdb5.jpg,-1,-1.7841979,-0.8990922
images/jsiec/c3451de8f35f55fb.jpg,-1,-2.3808348,-1.8599418
images/jsiec/bc0ca0168196a617.jpg,-1,-0.7688308,-1.5038991
images/jsiec/dd22f890d981ca14.jpg,-1,-0.77614176,-0.6517787
images/jsiec/811f92aa8a08838c.jpg,-1,-1.5917358,-0.44859838
images/jsiec/68755fe5a3202bc6.jpg,-1,-1.5285617,-0.70316553
images/jsiec/157f1c8d3c8755dc.jpg,-1,-1.9836367,-1.4256353
images/jsiec/b3e99bc653e75f33.jpg,-1,-1.0596664,-0.8771258
images/jsiec/8de2b184f4adedc4.jpg,-1,-0.67277634,-0.9039788
images/jsiec/1d4bacc932eb93da.jpg,-1,-1.4919114,-0.75600314
images/jsiec/2e89ae7918d9e6f9.jpg,-1,0.50889176,-0.0063509643
images/jsiec/283f6106b7720e13.jpg,-1,-1.1532012,-0.630323
images/jsiec/8d5f5691258f7860.jpg,-1,-1.0768464,-0.28733692
images/jsiec/960607254f8b45fe.jpg,-1,-1.2220733,-0.9678115
images/jsiec/b88c4ade750e667e.jpg,-1,-0.87580395,-0.5768746
images/jsiec/66cd90af3cc8620b.jpg,-1,-1.3703544,-0.7420302
images/jsiec/230debef36fa7909.jpg,-1,-1.0358819,-0.7894466
images/jsiec/e57cb5aafe8097a7.jpg,-1,-2.4089336,-1.0103793
images/jsiec/40e92d55eda82ab8.jpg,-1,-1.3963151,-0.3639972
images/jsiec/d29f76f1a8675abb.jpg,-1,-1.3561524,-0.630323
images/jsiec/3493ad70c947fde7.jpg,-1,-0.5075444,-0.17677501
images/jsiec/6c7b71fc3f0702ee.jpg,-1,0.04465413,-0.558244
images/jsiec/a96264e0338585ca.jpg,-1,0.054427564,0.14910752
images/jsiec/5ad70bcd7d4b6756.jpg,-1,-1.4941067,-0.71534413
images/jsiec/63cccc4e323c570d.jpg,-1,-1.3486696,-0.87000096
images/jsiec/9c4764882907f03c.jpg,-1,-1.0125555,-0.94998264
images/jsiec/ad465cc2fa66195a.jpg,-1,-1.8215353,-0.9029863
images/jsiec/ec0e6cb8dc9e534c.jpg,-1,-1.4192216,-1.118307
images/jsiec/5fccac3e2735e4d4.jpg,-1,-0.8114368,-1.4911478
images/jsiec/0da35967e1b00856.jpg,-1,-0.6946138,-0.6585743
images/jsiec/1269fa26bde6f49d.jpg,-1,-2.1142035,-0.70988476
images/jsiec/795a594ed36e7861.jpg,-1,-0.6129141,-0.8527447
images/jsiec/aa58d917a618452b.jpg,-1,-0.58970225,-0.3908741
images/jsiec/f93225f6c88e06a3.jpg,-1,-0.96636075,-0.4137806
images/jsiec/733f1d3e4fb58f7f.jpg,-1,-0.9644519,-0.7567667
images/jsiec/9a67443b39e5c268.jpg,-1,-2.1812432,-0.8658969
images/jsiec/8020053a47eec82a.jpg,-1,-1.3468372,-1.0474496
images/jsiec/b1c9dfcae7efce81.jpg,0,-1.9324791,-1.8938434
images/jsiec/dfd3fb6246dbb7d6.jpg,0,-2.0838144,-1.7495804
images/jsiec/26ba0e4f59bf397a.jpg,0,-3.3797092,-3.6246557
images/jsiec/0ef8259c22d7b78c.jpg,0,-3.0901716,-3.3674927
images/jsiec/02bd92da8bcd367f.jpg,0,-0.8732842,-2.2988298
images/jsiec/263239684ee8d071.jpg,0,-2.500712,-2.275007
images/jsiec/f141d1729b379689.jpg,0,-3.0428317,-2.6494513
images/jsiec/86220b68c5382f25.jpg,0,-2.4487908,-2.0233412
images/jsiec/b8c955021076c79e.jpg,0,-2.9087524,-2.5291162
images/jsiec/01a8adf616e20023.jpg,0,-5.115103,-4.055908
images/jsiec/17a17190b16b94de.jpg,0,-2.1684918,-2.0320458
images/jsiec/a2b972f0fea030e1.jpg,0,-4.4761653,-4.170135
images/jsiec/89c8608b53197918.jpg,0,-4.4761653,-4.170135
images/jsiec/ce54734dc4bc5f0d.jpg,0,-3.7205575,-3.9447353
images/jsiec/496ab970e5909ee6.jpg,0,-4.4382935,-3.8787649
images/jsiec/fbc4d778f3aab9a7.jpg,0,-4.374766,-2.7499342
images/jsiec/9bc4458455327f81.jpg,0,-4.6081066,-4.134095
images/jsiec/e69471c6e845254f.jpg,0,-3.0901716,-3.3674927
images/jsiec/16b06a61b9543bff.jpg,0,-4.863437,-4.040026
images/jsiec/17821004b1f7ac6f.jpg,0,-4.355219,-2.7120624
images/jsiec/028b392e5e508fc1.jpg,0,-4.0791197,-3.354665
images/jsiec/153c4da8bd3d1592.jpg,0,-4.170746,-2.2832534
images/jsiec/f64051fedd16062a.jpg,0,-3.8799865,-4.3759875
images/jsiec/633612a8388c4486.jpg,0,-5.1432014,-4.9501762
images/jsiec/195f963af9d5c64a.jpg,0,-5.1432014,-4.9501762
images/jsiec/ed0c65f0cc9825e5.jpg,0,-3.4496503,-2.237135
images/jsiec/0d35a6031e41a61a.jpg,0,-4.349722,-4.248933
images/jsiec/8b9f52059a55be2b.jpg,0,-3.1750784,-1.6484532
images/jsiec/8cdc7ad3d966fa32.jpg,0,-4.620323,-2.9313533
images/jsiec/14001a90f732fdd4.jpg,0,-5.174965,-3.779198
images/jsiec/cbf4b3c7a937d72b.jpg,0,-2.920969,-2.6015005
images/jsiec/1eeaa2128c7c7345.jpg,0,-5.400975,-3.0278661
images/jsiec/a532a89d2f2a4bfd.jpg,0,-3.8824296,-2.1780362
images/jsiec/8cb4bbe4285e239b.jpg,0,-3.9264102,-3.0342798
images/jsiec/2b7924ffa82a8dcd.jpg,0,-3.4896605,-2.5963082
images/jsiec/fca10facc0dfbf24.jpg,0,-2.9454026,-2.4472635
images/jsiec/99f8afbba553d442.jpg,0,-1.7909553,-0.99090886
images/jsiec/f2e76a8938f964ee.jpg,0,-4.5690126,-4.597111
images/jsiec/2af6eb3241041a0f.jpg,0,-4.1493664,-2.3550267
images/jsiec/800ffa3a02cf18a7.jpg,0,-3.9532871,-2.1201594
images/jsiec/6d5a6957b7d76f41.jpg,0,-4.731496,-2.7120624
images/jsiec/9d9ecf642ad2e0bf.jpg,0,-3.9227452,-2.2528641
images/jsiec/ac393382e21adb7b.jpg,0,-2.1842973,-2.0363216
images/jsiec/060e8506f0adb28e.jpg,0,-4.010706,-3.0608513
images/jsiec/8d2bd86f2ec93398.jpg,0,-3.8030207,-3.0144277
images/jsiec/2ee3396cbe18a858.jpg,0,-4.0094843,-2.949984
images/jsiec/279174cd38254b20.jpg,0,-4.412638,-2.8082695
images/jsiec/4731bfbacc39aab7.jpg,0,-3.9978783,-2.2041497
images/jsiec/7e95d1067506bb3c.jpg,0,-0.7968339,-1.2857533
images/jsiec/d17c7d258ed6cfda.jpg,0,-2.1320705,-2.0205927
images/jsiec/fd441d1e2f06cabb.jpg,0,-3.7590404,-2.4648252
images/jsiec/05e74db9d58184b9.jpg,0,-3.9807749,-2.7786436
images/jsiec/38e32fe1d8eb3b12.jpg,0,-2.7209194,-2.5825644
images/jsiec/d93b06aff56124c1.jpg,0,-4.203731,-2.6998456
images/jsiec/c17bbf6dbae454a6.jpg,0,-4.264204,-3.6832962
images/jsiec/792dad0e19b5c00d.jpg,0,-2.6931262,-2.5624065
images/jsiec/2ce1579f4b419855.jpg,0,-4.4297414,-2.4435985
images/jsiec/e6eab96ac940a252.jpg,0,-3.9203017,-2.7035105
images/jsiec/f5ad0bb9b3a3e120.jpg,0,-0.88840246,-0.4467659
images/jsiec/fab8ab3fdd36e7b7.jpg,0,-4.197623,-3.4554534
images/jsiec/c44cbc7c6ae22461.jpg,0,-1.9957771,-1.689136
images/jsiec/78beab5e93e97524.jpg,0,-0.92825973,-0.57779086
images/jsiec/20bc06751b538e33.jpg,0,-4.6038303,-2.296997
images/jsiec/e2857f56bdd50896.jpg,0,-4.8292303,-2.6314316
images/jsiec/27ea808a8731598e.jpg,0,-3.34367,-3.5800643
images/jsiec/11b766872abbd4f1.jpg,0,-5.721055,-4.336894
images/jsiec/7509a7727820b404.jpg,0,-5.2433786,-3.8561637
images/jsiec/58a228ffcae1da3f.jpg,0,-4.9147477,-2.2545438
images/jsiec/5f853e0249935fc3.jpg,0,-4.0913367,-4.329564
images/jsiec/eb85443cb9ea40e9.jpg,0,-4.6459785,-3.0101519
images/jsiec/0072c6f25a71cbe3.jpg,0,-4.214115,-3.403532
images/jsiec/779de57a16ff4386.jpg,0,-4.4602833,-1.6048021
images/jsiec/d552e13a2cde3537.jpg,0,-4.1182137,-2.6408994
images/jsiec/d8b64db370b3630c.jpg,0,-4.7528753,-3.8616612
images/jsiec/2f64cb26c9ae4228.jpg,0,-4.8524423,-3.7003999
images/jsiec/4cd935e948fa3daa.jpg,0,-3.1439254,-3.2373838
images/jsiec/75e9977852f71b19.jpg,0,-3.4444582,-3.032142
images/jsiec/79f5d31bb2b05ae6.jpg,0,-5.2299404,-3.0217576
images/jsiec/3dba45fd1adafacd.jpg,0,-3.8488336,-3.2722015
images/jsiec/edda10367a25cf37.jpg,0,-4.4529533,-2.6182985
images/jsiec/003ed3352006c194.jpg,0,-4.5787864,-3.040083
images/jsiec/b331b2e464cc1e0d.jpg,0,-4.7864714,-3.6136606
images/jsiec/b739b73395dd0f3b.jpg,0,-4.2177806,-3.4994338
images/jsiec/944bad26a34ddd71.jpg,0,-4.0003214,-3.555631
images/jsiec/b288c341f87758fc.jpg,0,-2.613717,-1.9880654
images/jsiec/ec37298b8c619749.jpg,0,-4.4810524,-4.176854
images/jsiec/f45d959a670801fb.jpg,0,-4.7070627,-2.1172578
images/jsiec/5862e6c6f3901763.jpg,0,-5.1871815,-4.4737215
images/jsiec/eafe4e8bbd853ed1.jpg,0,-4.5409145,-4.2501545
images/jsiec/bd07debc497fb7d2.jpg,0,-3.5147047,-2.4362686
images/jsiec/d3a571be1acc0c5f.jpg,0,-4.3356724,-3.137817
images/jsiec/4c367257139f01f3.jpg,0,-4.454175,-2.5294213
images/jsiec/2593cce63ef3a148.jpg,0,-5.1737432,-4.884206
images/jsiec/2a3f9ddf654b68aa.jpg,0,-4.9123044,-3.5049314
images/jsiec/9f22ea18dc033b77.jpg,0,-3.2783098,-2.8922596
images/jsiec/952e9e27d86e96a5.jpg,0,-3.270369,-2.4961307
images/jsiec/04bf5eac7f7d7c81.jpg,0,-4.4798303,-2.7878063
images/jsiec/f325283be2d2311d.jpg,0,-2.8562202,-2.4750566
images/jsiec/bb36ed23eaa221ad.jpg,0,-3.8457794,-2.978999
images/jsiec/b0017c4c4758d580.jpg,0,-4.940403,-2.9447918
images/jsiec/3bc1b001213acc33.jpg,0,-5.244601,-2.2812681
images/jsiec/05cae3469aa3ab2a.jpg,0,-4.592225,-3.9661148
images/jsiec/f70104f7daff902e.jpg,0,-3.5269215,-2.7377176
images/jsiec/c868fdbdaac73466.jpg,0,-4.77059,-3.4469016
images/jsiec/97e2a15a6c6dbd61.jpg,0,-2.8409493,-1.6167135
images/jsiec/94e969af622cb3eb.jpg,0,-5.4156356,-2.9228017
images/jsiec/a5d30f9613a1dbfa.jpg,1,0.88333607,0.9963412
images/jsiec/b16bb0e2027951a5.jpg,1,0.78132594,0.811257
images/jsiec/511ef853a084c7ec.jpg,1,0.82530636,1.1728737
images/jsiec/f6f4bdd5e0cbfb2a.jpg,1,0.07336354,1.304815
images/jsiec/fa6c0911704ea898.jpg,1,1.3891107,0.200418
images/jsiec/8232f7bd6ddc9b67.jpg,1,1.9999497,1.3927758
images/jsiec/ef8bc2568e439e74.jpg,1,0.72390705,0.34885186
images/jsiec/3f2b28e886d1184d.jpg,1,1.6065694,1.3536822
images/jsiec/8f08b5d227c2979e.jpg,1,1.0207748,0.9016612
images/jsiec/ab49c614fa7d8799.jpg,1,0.27432954,1.3500171
images/jsiec/bc7f5f9873cd2d6a.jpg,1,0.31830996,-0.2619871
images/jsiec/ef999716ef88f099.jpg,1,1.3622338,1.2632779
images/jsiec/228d4c141c204996.jpg,1,0.9871787,0.90166116
images/jsiec/baade0af18e39660.jpg,-1,-0.31268674,0.098407924
images/jsiec/c6b3d294370f03e0.jpg,-1,0.7251287,0.79659694
images/jsiec/f44899d780a0fe59.jpg,-1,0.5846358,0.29326558
images/jsiec/bca1cf8f4067b19a.jpg,-1,-0.19907069,0.4948424
images/jsiec/6118f93a495f8f0f.jpg,-1,-0.49013543,-0.46814525
images/jsiec/39c695936fb51d58.jpg,-1,-3.2605956,-3.760262
images/jsiec/3cdd6fbfa58894e1.jpg,-1,0.6157885,0.5467637
images/jsiec/bcf0f378ba2be762.jpg,-1,-0.76470757,-1.0302699
images/jsiec/ec96bd10b0b0ea72.jpg,-1,-3.0920043,0.65366054
images/jsiec/283ea16bebc5c7dc.jpg,-1,0.42276347,-0.35884327
images/jsiec/3352b48f08a0d4cb.jpg,-1,-0.19754359,0.16437858
images/jsiec/809b67fd0c716bf0.jpg,-1,-0.23358306,0.7465081
images/jsiec/85c78b3d527f81f5.jpg,0,-4.5775647,-3.3296206
images/jsiec/a4b1f89d1b50f386.jpg,0,-3.6521435,-1.5870113
images/jsiec/67cf5afa5ba5af97.jpg,0,-3.9826076,-3.057797
images/jsiec/4cd534846e551e7c.jpg,0,-4.3802633,-3.5128722
images/jsiec/7ee62319781830aa.jpg,0,-4.1890707,-3.0144277
images/jsiec/28f6f638ece6334e.jpg,0,-4.643535,-2.8049097
images/jsiec/60fa4baf57d5dfa8.jpg,0,-4.4224114,-2.4744458
images/jsiec/7dd200b59baede0a.jpg,0,-3.9514546,-4.5250325
images/jsiec/5bf3c899f8004c80.jpg,0,-4.21045,-4.84389
images/jsiec/9ec0b4316409382d.jpg,0,-5.751597,-4.6948457
images/jsiec/6f73d0f583d48269.jpg,0,-4.6472006,-3.8091292
images/jsiec/575de6d9913b2526.jpg,0,-5.104108,-3.8909814
images/jsiec/507448d2e32952ea.jpg,0,-4.1389823,-3.3070195
images/jsiec/5c0272364883c29b.jpg,0,-5.001487,-4.1902924
images/jsiec/11501056ec659f01.jpg,0,-5.0344725,-4.864659
images/jsiec/07ea1cbbe78c5b9b.jpg,0,-3.9563413,-2.8449197
images/jsiec/1268a7d2833eecce.jpg,0,-4.7864714,-3.407197
images/jsiec/ca6612006705c2aa.jpg,0,-4.245879,-4.2354946
images/jsiec/824f821283761942.jpg,0,-4.386983,-3.5281434
images/jsiec/b240327c413d9def.jpg,0,-5.206729,-3.3571084
images/jsiec/13aee6718c0c1e93.jpg,0,-4.536028,-4.00643
images/jsiec/3dc24091951d84a2.jpg,0,-4.310017,-3.5177588
images/jsiec/081a1d31cc5ceb84.jpg,0,-5.398532,-4.021701
images/jsiec/a2e346694e53092a.jpg,0,-5.7760305,-4.29047
images/jsiec/e52ab167bfe6bdf2.jpg,0,-3.9856615,-3.0461912
images/jsiec/2807786d68b9590f.jpg,0,-4.197623,-3.2465463
images/jsiec/7f2332bde7b478e5.jpg,0,-4.20984,-2.1122184
images/jsiec/5aaa2f06924fe800.jpg,0,-4.6985106,-4.117603
images/jsiec/c57af4fd3954b3e9.jpg,0,-2.8717966,-2.4020615
images/jsiec/beb9d5107488088a.jpg,0,-4.0223117,-2.0070014
images/jsiec/1385b2cb9bed6185.jpg,0,-4.4847174,-1.8908083
images/jsiec/e8dcda88ad4ba50b.jpg,0,-2.6253233,-1.9433596
images/jsiec/e90fdca54f507d88.jpg,0,-3.6356506,-3.528754
images/jsiec/41d1e104751aa8b5.jpg,0,-2.6662495,-2.458106
images/jsiec/b0db50e24bc10e7f.jpg,0,-3.1646938,-2.8971465
images/jsiec/21d5f97e04593514.jpg,0,-2.7975798,-2.6210473
images/jsiec/ce889d74771b5b5b.jpg,0,-2.387096,-2.025174
images/jsiec/7b7967f24ed08dbd.jpg,0,-3.8946464,-3.2960243
images/jsiec/d529b69c2be0fb0f.jpg,0,0.4771281,-1.010723
images/jsiec/f2c4991c105de52d.jpg,0,-3.8298976,-2.909974
images/jsiec/9e03569958f633e3.jpg,0,-3.46034,-3.3296204
images/jsiec/6c29e70549060868.jpg,0,-3.2208912,-1.6261432
images/jsiec/d6f54eab0eefd11d.jpg,0,-1.260098,-1.4394412
images/jsiec/afafbd45161ffd3b.jpg,0,-0.44019935,-1.0551615
images/jsiec/3fc4f06076baee13.jpg,0,-0.6220385,-1.1728244
images/jsiec/3ef9870b4d0ccd9d.jpg,0,-4.310017,-2.7560427
images/jsiec/c5dd843dd962931a.jpg,0,-2.220337,-2.7145057
images/jsiec/f2fb378a96810103.jpg,0,-3.5794537,-2.4425297
images/jsiec/60f6a4c8666446b6.jpg,0,-1.6073599,-2.8950086
images/jsiec/22cb7bea486237e8.jpg,0,-5.697843,-2.3363962
images/jsiec/1837907e6fa2498f.jpg,0,-3.7627053,-3.832952
images/jsiec/6fea34e0c39db9c1.jpg,0,-4.135317,-3.8482227
images/jsiec/08a91e2bbeebc3c1.jpg,0,-0.41011554,-3.2483788
images/jsiec/70d7149d044d5317.jpg,0,-5.9824944,-4.5848947
images/jsiec/919e51561fac8d2f.jpg,0,-5.3863153,-4.5690126
images/jsiec/0d6a80c2a22e7d87.jpg,0,-4.517702,-3.7077298
images/jsiec/3043a12c4d7f53de.jpg,0,-4.121268,-3.096891
images/jsiec/caa2b6813b4eacfd.jpg,0,-5.128541,-4.173189
images/jsiec/435782865ce65457.jpg,0,-5.0149255,-4.4065294
images/jsiec/da86688f4492e8de.jpg,0,-4.970945,-4.01376
images/jsiec/9ec596d1d8a3c114.jpg,0,-4.2825294,-4.142647
images/jsiec/f64e767d32fbd30a.jpg,0,-4.7571516,-4.08645
images/jsiec/505ed2b5b3ec38b2.jpg,0,-3.4359064,-3.677188
images/jsiec/288e832fe74429d6.jpg,0,-3.8793757,-3.672912
images/jsiec/83e6c482127d4343.jpg,0,-5.4620595,-4.362549
images/jsiec/57c0a41d86e7df2a.jpg,0,-4.5952787,-3.2196696
images/jsiec/b8903895ff0d2444.jpg,0,-4.634983,-3.5159264
images/jsiec/49212c4354665bf0.jpg,0,-3.7608728,-3.7010107
images/jsiec/30482a7c96af2fae.jpg,0,-2.8885946,-3.8683805
images/jsiec/68891a6ec7a718e8.jpg,0,-3.8787649,-3.9245777
images/jsiec/e7ad4a0f6a16fa1e.jpg,0,-4.375988,-3.612439
images/jsiec/eafdb690ac770868.jpg,0,-4.4224114,-3.5623503
images/jsiec/4af8ea56ed317b45.jpg,0,-4.4248548,-2.175135
images/jsiec/4d844ec9d89ddbc3.jpg,0,-4.2190022,-4.2813077
images/jsiec/7f2adbb3844f768f.jpg,0,-5.2580395,-4.5519094
images/jsiec/2ab0044c4f932c9f.jpg,0,-3.2410488,-3.8195133
images/jsiec/a317337019863b0c.jpg,0,-4.2978,-3.6698577
images/jsiec/bd381b8bc3190385.jpg,0,-4.575121,-4.241603
images/jsiec/da67ff4afe11295d.jpg,0,-3.3644383,-2.0868685
images/jsiec/070c3d83f618814d.jpg,0,-1.9127795,-1.0977676
images/jsiec/5477a2c1cfdf909c.jpg,0,-1.6447643,-1.485803
images/jsiec/e4c0dcfb40c052df.jpg,0,-2.7914715,-2.2279725
images/jsiec/f834d85238060422.jpg,0,-3.1995118,-2.338534
images/jsiec/c1142bf0eb91bcbe.jpg,0,-3.26365,-1.9607303
images/jsiec/700b3e8cc735e9ae.jpg,0,-2.5868404,-2.4176378
images/jsiec/48f6ca96e2f6152d.jpg,0,-2.5199535,-2.0344892
images/jsiec/09871bacd728fb82.jpg,0,-3.5049312,-2.6002789
images/jsiec/1b7fbfaf1836c38a.jpg,0,-3.3311477,-2.1858246
images/jsiec/cb853b1586e46679.jpg,0,-1.932479,-1.6533637
images/jsiec/09e8d86510691b90.jpg,0,-3.2905269,-1.6859864
images/jsiec/1d6095a483baf694.jpg,0,-3.1976793,-1.5453598
images/jsiec/47d89445674c7900.jpg,0,-3.1793542,-1.426017
images/jsiec/5853ef76d59e312d.jpg,0,-2.4870443,-2.371825
images/jsiec/c4a3d47ae9a54f40.jpg,0,-2.2504208,-1.3697054
images/jsiec/1280923ebdd0a2d4.jpg,0,-1.3579086,-1.1551101
images/jsiec/1a410bcd5aa83867.jpg,0,-4.044302,-1.317326
images/jsiec/ec0eba8abc37463f.jpg,0,-3.3845959,-1.5813229
images/jsiec/3d0a72fe81815adb.jpg,0,-2.4490962,-1.93309
images/jsiec/938d7224d6851602.jpg,0,-2.6851854,-1.8852153
images/jsiec/f58913de7b538eb5.jpg,0,-3.447207,-2.0144842
images/jsiec/85cae1c14cfdc96a.jpg,0,-1.6801012,-2.6744957
images/jsiec/d01e1a35e4b73e59.jpg,0,-2.3630824,-1.144344
images/jsiec/652101fb9bbb8925.jpg,0,-3.3476403,-1.7819979
images/jsiec/ebae918f822b9279.jpg,0,-2.0941987,-0.89054036
images/jsiec/36b372eb43d40a8c.jpg,0,-3.2764773,-2.1558933
images/jsiec/14d5c19c7acc33ad.jpg,0,-2.390303,-3.688183
images/jsiec/b96a5ca51cc037c9.jpg,0,-3.9978783,-3.1182704
images/jsiec/ca90795c9f8b93d8.jpg,0,-3.3216796,-1.526061
images/jsiec/f34b3bb6f3fab80e.jpg,0,-2.6030276,-3.7773654
images/jsiec/ea9e983021a7312a.jpg,0,-1.6846311,-1.6495079
images/jsiec/5295a07e0d8abd1e.jpg,0,-3.3815417,-2.9056983
images/jsiec/596372521dcfcb4d.jpg,0,-3.0910878,-3.3369508
images/jsiec/0be56f3b61404419.jpg,0,-2.7282495,-2.31956
images/jsiec/e2475048651107af.jpg,0,-2.8598852,-2.3599136
images/jsiec/e5c23060959950b1.jpg,0,-2.9240234,-3.4383497
images/jsiec/8864c3dfd309c979.jpg,0,-3.6930697,-2.802161
images/jsiec/cac1e567c3f11e4d.jpg,0,-2.2255292,-2.4836085
images/jsiec/50b9e3c10266b9eb.jpg,0,-3.8109617,-2.9038658
images/jsiec/af04ac62a19a1d0c.jpg,0,-3.449956,-1.4622666
images/jsiec/4ebde23ec98178f5.jpg,0,-2.6817112,-1.7620931
images/jsiec/9c59413463edb18a.jpg,0,-2.443446,-1.7808383
images/jsiec/da39ef449c96d2ad.jpg,0,-4.215948,-2.3556376
images/jsiec/52c712a888246790.jpg,0,-3.9850507,-1.6718512
images/jsiec/9a2e000893228461.jpg,0,-2.648535,-2.330288
images/jsiec/bccb23c9cab9c498.jpg,0,-3.1585855,-1.4793487
images/jsiec/5767acc1113aef07.jpg,0,-4.3356724,-3.5678477
images/jsiec/2fe7123bef695fbb.jpg,0,-3.6099954,-3.2202804
images/jsiec/c585f321e9183c65.jpg,0,-2.3925934,-2.6882396
images/jsiec/d452a0a54995bf01.jpg,0,-2.5621014,-3.1671371
images/jsiec/c1a4e803faad6bbd.jpg,0,-0.878839,-0.9405147
images/jsiec/2ae478f80de96d8f.jpg,0,-3.179354,-2.6891558
images/jsiec/41e53c9559cac017.jpg,0,-2.793762,-1.7490363
images/jsiec/199f7ac0f22549ab.jpg,0,-2.4521503,-2.1926966
images/jsiec/870400224a5f26f9.jpg,0,-4.351554,-2.419776
images/jsiec/f08d4e0380dfcc42.jpg,0,-3.4090295,-2.8140724
images/jsiec/50cf7a9ab573efb5.jpg,0,-2.705343,-2.158642
images/jsiec/0a0e450d73d8bdf1.jpg,0,-2.3809876,-2.4787219
images/jsiec/70842977eda74257.jpg,0,-2.3589973,-1.5776198
images/jsiec/b681f877081d3cc6.jpg,0,-3.1833246,-1.9640136
images/jsiec/dd272db76428ee08.jpg,0,-2.2542384,-1.4033397
images/jsiec/995c79f27beb882f.jpg,0,-4.090115,-3.1256003
images/jsiec/40449a0cdd3aa951.jpg,0,-4.0290313,-3.1176593
images/jsiec/11768e4b1f97715d.jpg,0,-3.9972675,-2.8354516
images/jsiec/c43625b2a029611d.jpg,0,-2.4558153,-2.441766
images/jsiec/f7afea1866c70ef6.jpg,0,-3.9581738,-3.4041429
images/jsiec/9f1b641894b0678c.jpg,0,-3.0913935,-2.187046
images/jsiec/1b4d3a7790f81a70.jpg,0,-1.570137,-1.9529803
images/jsiec/1f6bb0125205fd50.jpg,0,-3.0016,-2.6686926
images/jsiec/7397fb2905c907f8.jpg,0,-1.0440328,-1.137472
images/jsiec/54efdf139889b9d5.jpg,0,-2.6363182,-2.2294993
images/jsiec/d401a16fc79cdc3e.jpg,0,-3.6038873,-2.498574
images/jsiec/b54ac556e787b9b8.jpg,0,-1.3511131,-0.3844603
images/jsiec/f7db4c40647975dd.jpg,0,-2.8058262,-1.6232418
images/jsiec/f71df17db62fc723.jpg,0,-2.5135398,-2.7994123
images/jsiec/0a0e50eae738a1fb.jpg,0,-3.1359844,-1.5134053
images/jsiec/f0ea359d8594cad2.jpg,0,-3.6777987,-2.8702695
images/jsiec/df430e774677b89e.jpg,0,-2.0774007,-1.5566031
images/jsiec/98eea52ca597bb17.jpg,0,-3.0290878,-2.940516
images/jsiec/8433a13aaf483523.jpg,0,-3.999711,-2.3815985
images/jsiec/34e50b7110938057.jpg,0,-3.42766,-3.0266442
images/jsiec/854879a5a121e149.jpg,0,-3.28564,-2.2241545
images/jsiec/2924f4a6dbcc123d.jpg,0,-3.0376396,-2.8788214
images/jsiec/0055937724413350.jpg,0,-3.5052366,-2.1375682
images/jsiec/3d13ebb1297aaef9.jpg,0,-3.7993557,-2.446958
images/jsiec/730e082070a2f7a5.jpg,0,-4.3039083,-2.3877068
images/jsiec/1da4130b4007f85c.jpg,0,-5.0051517,-3.5959463
images/jsiec/cbdc48c0060749c5.jpg,0,-4.1792974,-2.5517168
images/jsiec/ba6f25c4657422ee.jpg,0,-2.5283525,-2.0041761
images/jsiec/b3d3ebd8d2e86e1f.jpg,0,-2.837284,-1.0151515
images/jsiec/c9afa27ea4a2fd36.jpg,0,-3.0629892,-2.7230573
images/jsiec/876bebc81a12dc8a.jpg,0,-3.2984676,-2.0317404
images/jsiec/5b2b999e005d096f.jpg,0,-3.470419,-4.291692
images/jsiec/95ec712dd798c9f6.jpg,0,-5.104108,-3.0474129
images/jsiec/d10a0f57b37e2c18.jpg,0,-3.9691691,-1.5030115
images/jsiec/6058a66cd0e6de7b.jpg,0,-3.8506663,-2.9545653
images/jsiec/8ce22bf4101d9e4e.jpg,0,-4.152421,-2.8229296
images/jsiec/b6e5534bcacf9925.jpg,0,-4.3991995,-2.1360412
images/jsiec/e3ecbbf4baa684ae.jpg,0,-4.9685016,-4.029031
images/jsiec/bc54d1d70b0f3cfc.jpg,0,-4.616658,-2.2805047
images/jsiec/242280e10181621b.jpg,0,-2.4719262,-2.9160824
images/jsiec/cf0f25dcdf1a9247.jpg,0,-4.694845,-2.406643
images/jsiec/0cfbea9052c6e8bc.jpg,0,-4.8585505,-3.0608513
images/jsiec/05b4870d9fc4bc5f.jpg,0,-4.6862936,-3.482941
images/jsiec/fcde9bdd4f8bb6f3.jpg,0,-4.2953568,-3.696735
images/jsiec/980cf88abfece337.jpg,0,-3.953898,-2.4136674
images/jsiec/998a0fe248fdbdfa.jpg,0,-4.5702343,-3.0849795
images/jsiec/208804d93ce30ba8.jpg,0,-4.3210125,-2.7319145
images/jsiec/d7de36387e108e04.jpg,0,-5.0796742,-2.8458362
images/jsiec/164be73383a420ff.jpg,0,-3.669247,-2.27348
images/jsiec/5fe1da310aefdd1c.jpg,0,-3.5910597,-3.5092072
images/jsiec/fdf3583e3a10909e.jpg,0,-3.225778,-2.6109684
images/jsiec/8c7de2afc1aa38b0.jpg,0,-3.7407153,-2.0648785
images/jsiec/aea435dad4fcb956.jpg,0,-3.543414,-2.1733022
images/jsiec/5f3ede4a655336a9.jpg,0,-2.4909384,-3.1234624
images/jsiec/49a2d6af7f694585.jpg,0,-3.227305,-2.7297766
images/jsiec/33810942affa51df.jpg,0,-3.0322948,-1.7712939
images/jsiec/81759904044e525d.jpg,0,-2.3029528,-1.8794887
images/jsiec/026a3ff21fd63b7b.jpg,0,-2.5730965,-2.420692
images/jsiec/e970b624f355734b.jpg,0,-4.00643,-1.653631
images/jsiec/67e2795721d824fe.jpg,0,-1.5597527,-2.3904557
images/jsiec/2d409edd0ea186c5.jpg,0,-4.311239,-1.8457398
images/jsiec/3b8f63a629605b27.jpg,0,-2.8617177,-1.722045
images/jsiec/413234ddba7f02ea.jpg,0,-4.1884604,-2.2827952
images/jsiec/daa97ea627a8f941.jpg,0,-1.9086564,-2.4173326
images/jsiec/a6f304f16539b907.jpg,0,-1.4098299,-1.0857893
images/jsiec/2e81cb5aa3db7f9a.jpg,0,-2.1502433,-1.8550551
images/jsiec/35fe1bc2f38daff5.jpg,0,-4.266037,-3.10361
images/jsiec/5cc375998104350b.jpg,0,-2.9777772,-2.1415386
images/jsiec/745c8bd5c659a0a6.jpg,0,-2.412312,-2.8360624
images/jsiec/f92163121afbd0d8.jpg,0,-4.3228445,-2.7517667
images/jsiec/33ab12c0a52340e7.jpg,0,-4.187849,-2.9234126
images/jsiec/2e000b0c6bce9acb.jpg,0,-3.972223,-2.918526
images/jsiec/7fb01f5aa016ba7c.jpg,0,-3.9361835,-2.9789991
images/jsiec/32b677512502e532.jpg,0,-3.0086246,-2.206593
images/jsiec/0c8b3c337f620568.jpg,0,-2.2884455,-2.0725904
images/jsiec/ecddf85989c1d8e2.jpg,0,-3.137206,-2.7261117
images/jsiec/4de0fd6c3ed6553c.jpg,0,-2.4819288,-1.7197543
images/jsiec/77602490d91cba77.jpg,0,-3.167748,-2.2747016
images/jsiec/8037da9895be9261.jpg,0,-3.4297981,-2.667471
images/jsiec/772ba048ac0d0d75.jpg,0,-4.0278096,-2.887984
images/jsiec/8bb4e51d6ba4bc22.jpg,0,-5.1126595,-3.0816197
images/jsiec/4e2eb11ba5675ea1.jpg,0,-5.365547,-4.059573
images/jsiec/a3947f2a7b017d67.jpg,0,-2.7847521,-2.1161888
images/jsiec/9aa594599601c104.jpg,0,-2.6036382,-1.6137165
images/jsiec/12c777039a8e5d39.jpg,0,-4.583673,-3.842725
images/jsiec/bb6f31a6ffd44a63.jpg,0,-1.8622324,-1.5644867
images/jsiec/0cf8190b38b91fb4.jpg,0,-4.2745886,-3.5318084
images/jsiec/1580ae5fc58be52f.jpg,0,-2.2583616,-2.049302
images/jsiec/af5071f16aefa5a3.jpg,0,-3.036418,-3.005265
images/jsiec/0a40248e30c2ed6c.jpg,0,-4.3790417,-1.4765259
images/jsiec/638184bc4d8bf2f3.jpg,0,-3.156753,-1.6626933
images/jsiec/38d35ee84cd2b1d9.jpg,0,-3.388872,-2.0216615
images/jsiec/498c428d45ff551b.jpg,0,-3.2996893,-1.5553622
images/jsiec/3044bce4510febfb.jpg,0,-2.7743678,-1.3023223
images/jsiec/44959b8bb6e26973.jpg,0,-1.930341,-1.0288954
images/jsiec/2f8f69ebdd69c0dd.jpg,0,-3.8683805,-2.8455305
images/jsiec/714edccd21e21da8.jpg,0,-2.6448698,-1.7969491
images/jsiec/f3037af6ee223ab2.jpg,0,-2.4792564,-1.6949389
images/jsiec/7c9821f97723a91e.jpg,0,-1.8843755,-1.2645457
images/jsiec/2f243365df6d3151.jpg,0,-3.9462626,-2.759708
images/jsiec/bb331b1ebdbb29ce.jpg,0,-3.7504888,-3.4316306
images/jsiec/7b471436089bdbbe.jpg,0,-3.7657595,-2.872713
images/jsiec/9363363a6f72c928.jpg,0,-3.8531096,-1.4824816
images/jsiec/5fbfd205388d51b1.jpg,0,-3.72239,-2.698013
images/jsiec/e8b9481697bc66f2.jpg,0,-3.7077298,-2.0992382
images/jsiec/95eb043757567044.jpg,0,-3.7492669,-4.063849
images/jsiec/57d4c5fa19d075fa.jpg,0,-3.4233842,-2.660141
images/jsiec/a94657cc334708ab.jpg,0,-3.832341,-2.785363
images/jsiec/0d14307eef78a687.jpg,0,-4.1609726,-4.2110615
images/jsiec/707cd3dc64048442.jpg,0,-3.2257779,-4.2049527
images/jsiec/6e99986b3acc75a6.jpg,0,-2.0954967,-2.396564
images/jsiec/f51ea05b0e5a981d.jpg,0,-2.0625877,-2.111913
images/jsiec/bede442780c9611c.jpg,0,-3.4313252,-2.5315595
images/jsiec/91044dc2707cbcda.jpg,0,-3.6258774,-2.6744957
images/jsiec/1e958cbd70c29768.jpg,0,-3.608163,-2.90692
images/jsiec/7cd4482985341f59.jpg,0,-3.3980346,-3.0785656
images/jsiec/1f407e6b261ddde2.jpg,0,-4.012539,-3.0706248
images/jsiec/ec836349c351d13e.jpg,0,-2.232172,-1.3784862
images/jsiec/25f23e2c7c7ecb8f.jpg,0,-1.7444932,-1.0757773
images/jsiec/d3ad5afe40904bbb.jpg,0,-3.1317086,-1.9967698
images/jsiec/a8ebca835042985a.jpg,0,-3.026339,-2.7508507
images/jsiec/27f4806333c34713.jpg,0,-1.9564545,-2.071445
images/jsiec/d7a3394146375d63.jpg,0,-2.6189857,-4.333229
images/jsiec/22f408c09034aae5.jpg,0,-3.9086957,-1.9993658
images/jsiec/b7ef61f307a8a4ae.jpg,0,-2.9056983,-1.9311047
images/jsiec/38b2f37bba9c561b.jpg,0,-2.8724074,-1.7454095
images/jsiec/81a4705a7a7d4c7d.jpg,0,-3.20562,-2.260347
images/jsiec/5723175e891261d8.jpg,0,-3.3920789,-2.1180596
images/jsiec/6ab2b1790f206593.jpg,0,-3.194625,-2.4204154
images/jsiec/098bb32b42d602e5.jpg,0,-4.325899,-2.4698646
images/jsiec/bffae7727e325ec6.jpg,0,-3.5043204,-0.8461782
images/jsiec/bf1900bd3c73e17d.jpg,0,-2.9341023,-1.7389194
images/jsiec/0468cf3ae42cbe43.jpg,0,-2.8220134,-1.5025247
images/jsiec/629a50c554c49c97.jpg,0,-2.451845,-1.857804
images/jsiec/7f1b14324b5d3a68.jpg,0,-2.7652054,-2.9551764
images/jsiec/9efd729e08a2ac46.jpg,0,-3.1512556,-1.8407768
images/jsiec/5b0add10bb80339f.jpg,0,-3.4291873,-1.544959
images/jsiec/1105636f74a4f69b.jpg,0,-4.0094843,-3.350389
images/jsiec/8072c9c7a971a66e.jpg,0,-3.4591184,-3.680853
images/jsiec/24e22637dc7ec911.jpg,0,-4.503042,-3.776144
images/jsiec/62d04c69a355cca0.jpg,0,-4.0412483,-2.319751
images/jsiec/ead7aee783ac0be2.jpg,0,-5.5671234,-4.138982
images/jsiec/0c2991a2014ffd0c.jpg,0,-3.567237,-3.0434425
images/jsiec/8857d7746ec9c347.jpg,0,-3.501877,-2.5963082
images/jsiec/a41c453d63f872f9.jpg,0,-2.5425544,-0.9426908
images/jsiec/f938f18eae85e488.jpg,0,-4.3698792,-4.2281647
images/jsiec/3bc0ccd6737233e2.jpg,0,-2.9979348,-2.1815486
images/jsiec/3f155f5e766e8f06.jpg,0,-1.8815503,-0.73844147
images/jsiec/a5d8969ad3e99916.jpg,0,-2.5825644,-1.6445687
images/jsiec/e963b5a6d332a781.jpg,0,-3.437739,-2.0821345
images/jsiec/705d8f739068a396.jpg,0,-3.8213458,-2.5114017
images/jsiec/d8ac434d70a31bf7.jpg,0,-3.2605956,-2.1806324
images/jsiec/166d092266918ac0.jpg,0,-1.1494216,-1.5234842
images/jsiec/3f03916ad48e869f.jpg,0,-3.4133055,-3.046802
images/jsiec/e4d298ceb370f7f1.jpg,0,-1.7730691,-2.3110466
images/jsiec/794f28b7880af125.jpg,0,-2.6987765,-1.5054643
images/jsiec/956a2b60a0da27ad.jpg,0,-2.0301368,-1.3285882
images/jsiec/6445941d0bc92e6f.jpg,0,-2.371825,-2.2954702
images/jsiec/8a705f98a20a52e5.jpg,0,-2.7490182,-0.8169343
images/jsiec/334c7d41a88b1453.jpg,0,-5.106551,-3.6564193
images/jsiec/ac0010b99b4ecc66.jpg,0,-1.4054013,-2.1552825
images/jsiec/dbb9ffc6bb0d17d0.jpg,0,-2.629599,-1.8242841
images/jsiec/ba2e1c175fa41c1d.jpg,0,-3.2489898,-1.6191568
images/jsiec/542b430df5aa53a7.jpg,0,-4.1072187,-2.152381
images/jsiec/4c4d1ea31d2b5c7d.jpg,0,-2.743215,-2.0722084
images/jsiec/7dbda977162f2e6d.jpg,0,-1.6627173,-0.88611186
images/jsiec/8fcfcd57cd2df05a.jpg,0,-2.7988014,-1.4467857
images/jsiec/87c507a034f9bd8e.jpg,0,-3.3424482,-1.8391733
images/jsiec/a2f98685afae609c.jpg,0,-2.1490595,-2.2954702
images/jsiec/002c53a3db14597c.jpg,0,-2.6378453,-1.6469119
images/jsiec/eccfa96218eb5a1a.jpg,0,-3.3549702,-2.0911446
images/jsiec/72b6000729d77651.jpg,0,-3.5446358,-1.839326
images/jsiec/591d94cf39d9c936.jpg,0,-1.9486662,-1.292816
images/jsiec/1d4e8849c5909e28.jpg,0,-2.887373,-1.9818043
images/jsiec/13ec8c6c57b98fb4.jpg,0,-3.3717685,-1.7624629
images/jsiec/317bea5783e30179.jpg,0,-2.3265467,-1.9210258
images/jsiec/f39ceba94b272d37.jpg,0,-2.3593028,-1.7133024
images/jsiec/019ca0eede0b41b4.jpg,0,-2.77223,-4.4444017
images/jsiec/6c928770c384ef23.jpg,0,-3.4701135,-3.2263887
images/jsiec/36a3b1e9c86486b2.jpg,0,-3.4310198,-3.63504
images/jsiec/2f7897411e0a3707.jpg,0,-1.8947598,-2.00326
images/jsiec/a8fcb11fbdf64fc6.jpg,0,-4.0058193,-2.481776
images/jsiec/73f4e2da8ee6ad27.jpg,0,-3.5825078,-4.2525983
images/jsiec/6d8680274c0a23fd.jpg,0,0.4643005,-2.451845
images/jsiec/328ddbdbe9112d21.jpg,0,-3.410862,-1.391772
images/jsiec/3f0d577c6f6de73a.jpg,0,-4.5085397,-1.4244137
images/jsiec/76923ac46c26c393.jpg,0,-0.8492324,-0.9351316
images/jsiec/de39d29e7adccada.jpg,0,-3.5153155,-2.5547712
images/jsiec/111c5926541b9d77.jpg,0,-4.4749436,-4.4101944
images/jsiec/470aab4f81b71541.jpg,0,-3.0926151,-2.2537804
images/jsiec/0788d001e8e39de4.jpg,0,-3.7584295,-1.9592032
images/jsiec/304feac75f243779.jpg,0,-1.3462262,-1.1751723
images/jsiec/0a7ffee7380efeef.jpg,0,-1.9169788,-1.7284534
images/jsiec/5a8be368d3e7e359.jpg,0,-2.0105138,-1.8392879
images/jsiec/019e9ad7f7ecc69d.jpg,0,-3.548301,-3.3027434
images/jsiec/42c6dc1d87971e85.jpg,0,-3.7578187,-4.2501545
images/jsiec/a6a6abcc62bdead3.jpg,0,-4.503042,-2.0690017
images/jsiec/17aa2f15e8d4619d.jpg,0,-4.340559,-2.4240518
images/jsiec/6416be39ddfb32d1.jpg,0,-4.245879,-2.6503675
images/jsiec/1e048a8832906fc7.jpg,0,-4.1035533,-3.2269995
images/jsiec/b6bbf915eb059590.jpg,0,-3.7651486,-2.170649
images/jsiec/e62df36289b4d78c.jpg,0,-4.007041,-2.4341307
images/jsiec/499830e7dd295397.jpg,0,-3.0150385,-2.190711
images/jsiec/2b29788ee92c0bd7.jpg,0,-2.5405693,-2.4216084
images/jsiec/e13f3fed1c5c9417.jpg,0,-4.507929,-4.059573
images/jsiec/f3d23eb0be6f1c36.jpg,0,-3.2190588,-1.6598921
images/jsiec/ff23bb136ae5edaf.jpg,0,-3.3323693,-1.504739
images/jsiec/257e6ab72871e93a.jpg,0,-3.236773,-2.8256783
images/jsiec/1235d320614e0b67.jpg,0,-1.6417196,-0.8706118
images/jsiec/43fdfe86ad5e1886.jpg,0,-4.2251105,-3.9361835
images/jsiec/1cafc1c0542ec2e8.jpg,0,-3.965504,-3.2269995
images/jsiec/47c3b9d523efd2f5.jpg,0,-2.9875507,-1.9265234
images/jsiec/9e6b25e394840b9a.jpg,0,-4.081563,-2.1733022
images/jsiec/20393546ea33281c.jpg,0,-4.3161254,-4.5360274
images/jsiec/3ce7bb7857f1d0ec.jpg,0,-3.1390386,-2.3504457
images/jsiec/f806bcff8c4acdd0.jpg,0,-5.0882263,-2.3840418
images/jsiec/7baa31e87e984c7c.jpg,0,-4.4590616,-3.8048532
images/jsiec/a0d5fc0406208c14.jpg,0,-3.915415,-2.0390704
images/jsiec/be00724b7cf4a6e4.jpg,0,-4.860994,-2.1022923
images/jsiec/fd04c52102e78291.jpg,0,-2.0001295,-2.9539547
images/jsiec/202188341ffcecf7.jpg,0,-3.46767,-2.4799435
images/jsiec/c310bfb5ae85a944.jpg,0,-3.3137388,-1.7567959
images/jsiec/9119d814b98a54b3.jpg,0,-4.5280867,-3.08162
images/jsiec/b4cb7f814b20e1f8.jpg,0,-2.7823086,-1.4801527
images/jsiec/72e67db687f9cb5b.jpg,0,-1.779922,-1.1139046
images/jsiec/d8e8430a8014f592.jpg,0,-4.0253663,-2.7664268
images/jsiec/6b776cb7e711aeb6.jpg,0,-4.1218786,-3.0761223
images/jsiec/598ca7721d376be6.jpg,0,-3.683907,-1.8696389
images/jsiec/e69f0a001f2c9d4f.jpg,0,-3.9209125,-2.8491955
images/jsiec/e9ea58e27a1a60a0.jpg,0,-3.7272768,-2.2844748
images/jsiec/bad5727ffd634395.jpg,0,-3.8292868,-2.8898163
images/jsiec/053bdd614bf0268d.jpg,0,-3.9111392,-1.6273649
images/jsiec/254d1fed56e857bf.jpg,0,-4.6789637,-1.7628185
images/jsiec/a7b1f1ad81a9c126.jpg,0,-3.4249115,-3.0248117
images/jsiec/f0feae526dcb2849.jpg,0,-4.454175,-2.0486913
images/jsiec/f53ca3512008aa00.jpg,0,-3.6985674,-1.84448
images/jsiec/4b89b178f84a328b.jpg,0,-2.4695592,-1.726359
images/jsiec/043f9e8f16913639.jpg,0,-3.90442,-2.5281997
images/jsiec/574d34fbf4956f59.jpg,0,-2.8623285,-1.5378771
images/jsiec/0983c9c4b0bddea5.jpg,0,-2.9521222,-2.546525
images/jsiec/5a2f2f8490d40a29.jpg,0,-0.059188545,-0.047277182
images/jsiec/d9124f7bd15f1952.jpg,0,-5.1395364,-2.1919327
images/jsiec/52563948bdaa3778.jpg,0,-3.9520655,-1.7443788
images/jsiec/f75c0fe9b43db2ad.jpg,0,-2.3515909,-2.2017064
images/jsiec/26c5ff5a81d03096.jpg,0,-3.0034325,-1.621371
images/jsiec/1a3951d1da03a1d4.jpg,0,-3.187906,-2.0807984
images/jsiec/87bbd256381b22bc.jpg,0,-4.180519,-3.6252666
images/jsiec/65e59c79532b1e90.jpg,0,-3.2462409,-2.460091
images/jsiec/e909dc23be311009.jpg,0,-3.9813857,-2.537057
images/jsiec/5e55f54a243978e5.jpg,0,-2.662279,-3.2685366
images/jsiec/320a27a0f815f611.jpg,0,-3.3222904,-2.7517667
images/jsiec/6102f5e361d608ef.jpg,0,-4.3320074,-2.1901004
images/jsiec/7e8131162657d63a.jpg,0,-1.2371914,-1.3999801
images/jsiec/097d825dd64af26b.jpg,0,-1.4425862,-2.3039074
images/jsiec/360c29c4d5ff2b7e.jpg,0,-4.2623715,-2.4946036
images/jsiec/b6f1c0a79d697040.jpg,0,-1.49634,-2.3492239
images/jsiec/f66e99e019713e6d.jpg,0,-5.0515757,-1.4425862
images/jsiec/0cc42eaa1505d15b.jpg,0,-1.966414,-2.6179168
images/jsiec/ccbe186b0ec5ba70.jpg,0,-0.650328,-1.6222682
images/jsiec/728bd68f2f161847.jpg,0,-2.458106,-2.6604464
images/jsiec/2dc7a92110acc0b3.jpg,0,-3.5965571,-2.7114515
images/jsiec/c68b677b38540df6.jpg,0,-1.600259,-1.8639123
images/jsiec/5507d1d3c36bf3ed.jpg,0,-2.657392,-3.2801425
images/jsiec/f08b6875a38b1d96.jpg,0,-3.4273548,-2.563781
images/jsiec/c0db45c64eb0c635.jpg,0,-3.8903706,-2.853777
images/jsiec/d5c82900afe66934.jpg,0,-3.414527,-2.2467556
images/jsiec/49920e7fa5efc408.jpg,0,-2.6955695,-2.4341307
images/jsiec/f4a5789014e8bb55.jpg,0,-2.9799151,-2.837895
images/jsiec/5ffaf4c01b102b16.jpg,0,-4.841447,-3.3119063
images/jsiec/d716e6dee20855a4.jpg,0,-4.412638,-2.389005
images/jsiec/4ce61d3618c48683.jpg,0,-4.5787864,-2.3510566
images/jsiec/d86a847b3fbf9d78.jpg,0,-3.8213458,-3.2715907
images/jsiec/b1a272dcd125dd53.jpg,0,-5.021034,-1.7023001
images/jsiec/85ad0adeb434f9ed.jpg,0,-3.8867056,-3.3082414
images/jsiec/aaa9283409e3209b.jpg,0,-3.4236898,-2.815294
images/jsiec/531ba6c262e8a4c4.jpg,0,-3.934351,-3.099945
images/jsiec/82a29b6d69c14bf8.jpg,0,-3.3271773,-2.6580029
images/jsiec/e411df42dfc6101a.jpg,0,-4.840225,-2.570653
images/jsiec/e02092a372b51198.jpg,0,-3.8280652,-1.7627804
images/jsiec/3b7dba829784203a.jpg,0,-4.3662143,-1.3043838
images/jsiec/90400712456d5211.jpg,0,-4.0986667,-2.4132094
images/jsiec/4651f0708eb17ea0.jpg,0,-3.7846956,-2.3599136
images/jsiec/d54b75ee52db81bc.jpg,0,-3.8567746,-1.9992895
images/jsiec/6c6dc6636d353b4c.jpg,0,-4.4480667,-2.4162636
images/jsiec/b34aec202ed94fa0.jpg,0,-3.483552,-1.5998771
images/jsiec/73cca5d02fdcb85d.jpg,0,-3.5238674,-1.6098796
images/jsiec/cc0ec0b42568da7d.jpg,0,-3.7846954,-1.9918832
images/jsiec/b3692fec84627d6e.jpg,0,-2.9539547,-2.093893
images/jsiec/2686ded6afe8f56a.jpg,0,-3.6669943,-1.8843755
images/jsiec/c5a8b9a0c1901f29.jpg,0,-4.9501762,-2.3806822
images/jsiec/62b5f9d40761e982.jpg,0,-3.669247,-2.4619236
images/jsiec/e2e028cb74867c33.jpg,0,-2.3327312,-1.9931048
images/jsiec/6be2f1df2ee98bfc.jpg,0,-1.5371897,-1.2162702
images/jsiec/4fe7b859163d6db6.jpg,0,-4.2391596,-2.4967415
images/jsiec/ebac48ff4bae4a21.jpg,0,-1.37066,-2.7939148
images/jsiec/87fee917f70f33cd.jpg,0,-3.7614837,-2.688545
images/jsiec/af7c5432d05e9b57.jpg,0,-2.6334167,-2.2481298
images/jsiec/d3e51e51c076b082.jpg,0,-3.6423702,-1.5187883
images/jsiec/9837b2479726a306.jpg,0,-3.50768,-3.6521435
images/jsiec/c049b7cafeaa8a76.jpg,0,-4.082785,-2.5346136
images/jsiec/f2821a44adcc7c2b.jpg,0,-1.7718284,-2.2120905
images/jsiec/4c87d5f8aa300fc5.jpg,0,-2.2004848,-2.0095973
images/jsiec/d39ce6e9dc5a870d.jpg,0,-1.4622093,-1.247194
images/jsiec/d0f38bc2c759a726.jpg,0,-2.1493268,-2.2934847
images/jsiec/251e0a00f601d521.jpg,0,-1.6450794,-0.053385556
images/jsiec/d243c38f6803e6be.jpg,0,-2.4793327,-2.6088305
images/jsiec/57c115a939b65af3.jpg,0,-3.7504888,-3.3858178
images/jsiec/4a0bef6e26d77825.jpg,0,-3.7016215,-3.680853
images/jsiec/1af6aaa36784256d.jpg,0,-3.7932472,-3.9209127
images/jsiec/d27f05e8431e0ddf.jpg,0,-3.6130497,-2.0786223
images/jsiec/200c95d12995962a.jpg,0,-3.6826854,-2.9081416
images/jsiec/c6138a8a03ba01b7.jpg,0,-3.7272768,-3.0165653
images/jsiec/3ec8b0bf6741a943.jpg,0,-3.4713352,-2.7493234
images/jsiec/88f840753e56c761.jpg,0,-5.068679,-3.8274543
images/jsiec/3e56df4136641ff5.jpg,0,-3.5709019,-2.4942982
images/jsiec/1a9c95bcddcf96d2.jpg,0,-3.4780543,-2.4542882
images/jsiec/5ba87e30404bb0bf.jpg,0,-5.2409353,-2.9906049
images/jsiec/ea2663198743509c.jpg,0,-4.9245214,-2.4985743
images/jsiec/a2dedeb895ddd2aa.jpg,0,-4.830452,-4.4566183
images/jsiec/26e6a33675a2ecda.jpg,0,-3.7058973,-4.599555
images/jsiec/db2f1e7badfd4e61.jpg,0,-4.276421,-2.4261894
images/jsiec/d3cdf0cfb79f76f1.jpg,0,-4.983162,-3.248379
images/jsiec/0f8d7d31246015eb.jpg,0,-5.2641478,-4.5910034
images/jsiec/2580dbc73666a18c.jpg,0,-4.4028645,-2.5287724
images/jsiec/e8252c17a7aca5b4.jpg,0,-3.4866061,-2.9631171
images/jsiec/96f566ac0be0fbd2.jpg,0,-4.4627266,-4.203731
images/jsiec/768e9893366bcb51.jpg,0,-4.5665693,-4.5091505
images/jsiec/060a4a2ce2ac7e65.jpg,0,-4.784028,-4.344224
images/jsiec/63aaa05792d738ad.jpg,0,-5.0955563,-2.3480022
images/jsiec/1c8a90631be031c0.jpg,0,-3.9374053,-1.977223
images/jsiec/bcedc02877af8bce.jpg,0,-3.9844398,-2.0793858
images/jsiec/5ac4f2c7353f207b.jpg,0,-4.9843836,-4.4321847
images/jsiec/d94b89e23572b91b.jpg,0,-3.794469,-2.793304
images/jsiec/a88cc7b0406e6d38.jpg,0,-2.8604963,-2.2647755
images/jsiec/2e0ac230fde18fb1.jpg,0,-3.8842623,-2.1004598
images/jsiec/e5c189a6d251afdb.jpg,0,-4.4682245,-3.5128722
images/jsiec/464c3d9b448b5710.jpg,0,-3.172024,-2.1621544
images/jsiec/8c5900a0c0edc784.jpg,0,-3.696124,-3.8244
images/jsiec/9d899c713477c068.jpg,0,-4.358884,-2.1558933
images/jsiec/1d83e1e024557362.jpg,0,-4.5164804,-2.219726
images/jsiec/b44339e6327fcab1.jpg,0,-3.9251885,-3.4475126
images/jsiec/77f7b8c7a3a40cb4.jpg,0,-3.8793755,-3.1060534
images/jsiec/f734cd426e629116.jpg,0,-3.4841628,-4.116992
images/jsiec/be610e386e2867c8.jpg,0,-3.4933252,-2.2579036
images/jsiec/e84a38cad473e7c8.jpg,0,-3.2893052,-3.16164
images/jsiec/eab365bc50fe7731.jpg,0,-3.6649709,-2.242938
images/jsiec/89a73b0c1fc12e31.jpg,0,-2.963728,-3.03092
images/jsiec/df8912ff80c95346.jpg,0,-4.0614057,-2.5236185
images/jsiec/069ba0c6fefbbf13.jpg,0,-4.9990435,-2.6522002
images/jsiec/9b88ea65648d9907.jpg,0,-2.8629394,-2.0189128
images/jsiec/e7b1347579d7607e.jpg,0,-3.723001,-3.2960243
images/jsiec/8ea6ef898a244e01.jpg,0,-4.018036,-2.9967134
images/jsiec/023aaf949bdccddd.jpg,0,-3.4114728,-2.7114515
images/jsiec/a32d1875c935b666.jpg,0,-4.9599495,-3.6325967
images/jsiec/3702a1d8d2f728bf.jpg,0,-3.263039,-2.3269281
images/jsiec/378b2baee45b4611.jpg,0,-2.679077,-2.8067422
images/jsiec/ea1b4f99080b1c69.jpg,0,-4.077898,-3.0565753
images/jsiec/515c249754183bb5.jpg,0,-2.7914715,-2.7713137
images/jsiec/25ff383742c684c3.jpg,0,-3.6588628,-3.3277879
images/jsiec/7313fac128c37694.jpg,0,-2.9209692,-2.411224
images/jsiec/31a6b06ff5c4f870.jpg,0,-4.1817408,-3.7510993
images/jsiec/600fc7f51d10517a.jpg,0,-4.753486,-3.9288535
images/jsiec/8f614e0aae27e118.jpg,0,-1.9073582,-1.8078582
images/jsiec/d2a22ae81ec12aae.jpg,0,-3.46034,-2.3376179
images/jsiec/546c84c6edcd6d58.jpg,0,-3.0089302,-2.4130566
images/jsiec/160b8f84d8ea5286.jpg,0,-2.4503179,-2.1284056
images/jsiec/fbf112bcaf0ef201.jpg,0,-4.0528536,-3.179965
images/jsiec/5a275c80edcd1740.jpg,0,-2.6182985,-2.6949587
images/jsiec/e423726f7816c23d.jpg,0,-3.5544093,-2.001962
images/jsiec/673c9ea18965bc24.jpg,0,-2.332464,-1.6511877
images/jsiec/37227615bf0bdac6.jpg,0,-2.4280221,-1.8454344
images/jsiec/087f45b188e25eeb.jpg,0,-4.0546865,-2.236524
images/jsiec/fd7f15c745b35af9.jpg,0,-2.936851,-2.1894894
images/jsiec/1a412543dd807d7d.jpg,0,-1.7987053,-1.5327804
images/jsiec/f80d8533cb109624.jpg,0,-1.097233,-0.27328762
images/jsiec/849ad0b2bbd7c372.jpg,0,-2.8830972,-2.4480271
images/jsiec/29a92867f93c4119.jpg,0,-4.0094843,-2.8458362
images/jsiec/cac59c6b4241b3eb.jpg,0,-4.000322,-1.7816018
images/jsiec/9284a7ec1a7f0442.jpg,0,-3.7413259,-1.9592032
images/jsiec/9bfad86638605c5a.jpg,0,-1.5631123,-1.0394324
images/jsiec/ceebc4993e144462.jpg,0,-2.6357074,-2.4894114
images/jsiec/2868b39f34663b07.jpg,0,-3.2526548,-2.9948807
images/jsiec/dc9c9e073a9da122.jpg,0,-3.4841628,-2.6699142
images/jsiec/d0d07441a01cf0d5.jpg,0,-1.1822159,-0.5423622
images/jsiec/a9c633e8ed53fb61.jpg,0,-3.9752772,-2.91425
images/jsiec/c2f2ea95fc292a37.jpg,0,-2.64487,-1.6774347
images/jsiec/b59218778b9953d9.jpg,0,-2.6347911,-2.421303
images/jsiec/4f7cd3c0f1e86e3f.jpg,0,-2.8256783,-2.2725637
images/jsiec/86b5a7c1b0085f45.jpg,0,-3.8415036,-2.0018091
images/jsiec/7accf79ca5c5c715.jpg,0,-3.9593954,-1.305682
images/jsiec/5d8395ce6adf4caf.jpg,0,-4.6691904,-2.2582088
images/jsiec/d2fd9c3dde4a1baa.jpg,0,-3.578232,-2.456121
images/jsiec/dfdce1d8478b66f2.jpg,0,-4.0461345,-1.4196033
images/jsiec/4a4897dce89aa10f.jpg,0,-3.6014438,-2.7071757
images/jsiec/600eceab345bb74b.jpg,0,-4.677742,-2.7575698
images/jsiec/fe0933c23c37b2d2.jpg,0,-3.4670591,-2.1120656
images/jsiec/e1d0b3cc2b3f5756.jpg,0,-2.136652,-1.4851922
images/jsiec/28a619e79f989613.jpg,0,-3.9936025,-3.3222904
images/jsiec/505a3f1cffcbf5ed.jpg,0,-4.0424695,-2.589589
images/jsiec/75de7e00af54a636.jpg,0,-3.479276,-3.0858958
images/jsiec/db5600a0745cb656.jpg,0,-1.6873798,-1.2498665
images/jsiec/f985521c6125fe47.jpg,0,-3.1118565,-1.5410075
images/jsiec/2c0331e3162b99d5.jpg,0,-4.2587066,-3.4493449
images/jsiec/1ced8146f5ff3558.jpg,0,-0.9391021,-1.0398905
images/jsiec/86264f26ce12f182.jpg,0,-3.5617394,-2.0514398
images/jsiec/f96bf87e9f0e02cd.jpg,0,-3.5568526,-2.1674995
images/jsiec/649c728c07fe347f.jpg,0,-1.8692571,-0.61398304
images/jsiec/b96eaa17878fd269.jpg,0,-3.5794537,-2.3409777
images/jsiec/73b83b16fbd2e092.jpg,0,-3.0348907,-2.4752095
images/jsiec/9d12fb1b147818fb.jpg,0,-2.7728407,-1.653402
images/jsiec/16c100950a3fa8eb.jpg,0,-4.542136,-2.654338
images/jsiec/a02c1014da58d55e.jpg,0,-3.1378171,-1.9069765
images/jsiec/27ed9a585ef7d1f4.jpg,0,-3.7804196,-2.8244567
images/jsiec/c18204f3cc0fe748.jpg,0,-3.7737005,-3.0217576
images/jsiec/7766c5be840b9db6.jpg,0,-2.4489434,-2.6280718
images/jsiec/83c69b414901fbf8.jpg,0,-3.0156493,-1.906213
images/jsiec/98ff95974311ee91.jpg,0,-2.8785157,-1.9997478
images/jsiec/5aa52313d234a258.jpg,0,-3.210812,-1.7928259
images/jsiec/35bbb2a40256a84f.jpg,0,-3.085285,-1.7644982
images/jsiec/8d3f50cc5b027fdc.jpg,0,-3.3815417,-2.4240518
images/jsiec/1d5727be4f908523.jpg,0,-4.0388045,-2.1415386
images/jsiec/57835f72811cfb19.jpg,0,-3.9997108,-2.4465
images/jsiec/cf677cf48dab9de0.jpg,0,-2.0542269,-0.6988133
images/jsiec/29ebdc1aa4e3ffd9.jpg,0,-0.9152794,-1.6830276
images/jsiec/285771523f90c565.jpg,0,-3.851888,-2.2889037
images/jsiec/aeffb79751fe22ac.jpg,0,-1.5541406,-1.7978654
images/jsiec/3eef35c3baca56dc.jpg,0,-5.220167,-3.673523
images/jsiec/a0159f71d94b6a79.jpg,0,-2.5425544,-2.7523775
images/jsiec/f4b39452485a6ca3.jpg,0,-2.7331362,-2.2548494
images/jsiec/e8a87ddf0621f1b9.jpg,0,-2.8598855,-2.4524555
images/jsiec/1194450e30a8ae16.jpg,0,-4.310017,-3.1891274
images/jsiec/95b3775f6b4976cd.jpg,0,-0.51456904,-0.17066664
images/jsiec/2385f71a4cd9a9e3.jpg,0,-4.6337614,-3.168359
images/jsiec/8eb4e0f6885c57b1.jpg,0,-4.560461,-2.1583366
images/jsiec/bbdc64597c3f8f2f.jpg,0,-3.5049314,-2.8097966
images/jsiec/b3786bb2ad0cf609.jpg,0,-4.400421,-3.270369
images/jsiec/78ce21bf52f93944.jpg,0,-1.7725921,-1.4920641
images/jsiec/e317d0439d1c6979.jpg,0,-3.3045762,-2.3195982
images/jsiec/5dcc45e7fb707372.jpg,0,-3.7413259,-2.101376
images/jsiec/53aab02b3bd283eb.jpg,0,-2.6903775,-2.227056
images/jsiec/fca462bf049e4df5.jpg,0,-4.283751,-2.6207418
images/jsiec/956f33b213e90393.jpg,0,-3.3045762,-2.45551
images/jsiec/1593301e930caa66.jpg,0,-5.0418024,-2.7282495
images/jsiec/01882eee0566f18f.jpg,0,-3.187295,-2.7590969
images/jsiec/31b4d749184bdf8b.jpg,0,-4.845112,-2.6207418
images/jsiec/4c413da22c1e1f38.jpg,0,-3.733996,-2.4387116
images/jsiec/3582ede14d3e5965.jpg,0,-4.947733,-3.4750001
images/jsiec/9fb98e5cbae8412c.jpg,0,-3.4591184,-3.1634724
images/jsiec/9cd90a0f474aa5fe.jpg,0,-5.1725216,-4.159751
images/jsiec/8ea26ce08e63b750.jpg,0,-2.610052,-3.2337189
images/jsiec/696533fd47c4eb19.jpg,0,-3.9227452,-3.3601625
images/jsiec/a6795a4d8107723b.jpg,0,-4.1536427,-2.240189
images/jsiec/2fcd52612da74f6b.jpg,0,-2.0614138,-1.0638659
images/jsiec/f855fd1f88bfa024.jpg,0,-1.9605777,-1.4175227
images/jsiec/5bab0122e48f9e4b.jpg,0,-4.6838503,-2.42283
images/jsiec/d9498ab15a19f87c.jpg,0,-1.5627687,-0.90985817
images/jsiec/efd5ce698af25f02.jpg,0,-5.1260977,-3.1078858
images/jsiec/f9e61e7025e88872.jpg,0,-4.7644815,-3.1970685
images/jsiec/2960db087f0c8f3f.jpg,0,-3.4255223,-2.4509287
images/jsiec/86c5c9e1a14245a3.jpg,0,-1.6627173,-1.6446593
images/jsiec/fd4b1b5f49b500ed.jpg,0,-3.4249113,-2.2067456
images/jsiec/de06f11dfb06fb40.jpg,0,-4.977053,-2.622269
images/jsiec/3e65c2f7f3968de5.jpg,0,-4.5054855,-2.6161604
images/jsiec/681fa4435fce59a6.jpg,0,-4.7828064,-3.3516107
images/jsiec/e896cd14498c051f.jpg,0,-4.0125384,-2.7780328
images/jsiec/6cf2db68b140676e.jpg,0,-1.6540128,-2.4359632
images/jsiec/5de999a958144458.jpg,0,-3.04894,-1.8980429
images/jsiec/b6d38447a942c760.jpg,0,-4.616658,-2.3768644
images/jsiec/46643f20fa6db0ea.jpg,0,-4.637427,-2.4909387
images/jsiec/62606c956abc51a8.jpg,0,-4.2244997,-2.424357
images/jsiec/cd55b698690c5a19.jpg,0,-0.86381614,-1.1005926
images/jsiec/9cb02542793c2009.jpg,0,-2.585065,-2.5993624
images/jsiec/1224c298342724c4.jpg,0,-3.202566,-2.0998487
images/jsiec/632e8a1586715d80.jpg,0,-3.7846956,-2.8275108
images/jsiec/d57f0e8c157e8cbd.jpg,0,-2.5471358,-2.229805
images/jsiec/f36820d6f8643ddd.jpg,0,-3.1518664,-2.2858493
images/jsiec/00b12e2ce26b0cf8.jpg,0,-2.8598852,-2.6955698
images/jsiec/545870f683002576.jpg,0,-4.5054855,-2.0822873
images/jsiec/de942042832b38ef.jpg,0,-4.1689134,-3.361995
images/jsiec/e08c3822ca6aad49.jpg,0,-3.881208,-2.6131063
images/jsiec/c2ed8f7111769e43.jpg,0,-2.701678,-2.443293
images/jsiec/9556f3d4ab9157c6.jpg,0,-4.1756325,-2.3275392
images/jsiec/986ba0253f935145.jpg,0,-2.9460135,-2.0932825
images/jsiec/daa69111044870f8.jpg,0,-1.1553391,-0.98842734
images/jsiec/057ff8a49d7654bf.jpg,0,-1.6711545,-1.7876338
images/jsiec/3dc66425ac72ef4b.jpg,0,-5.036916,-3.0150385
images/jsiec/a73e62ece1d488d8.jpg,0,-4.014371,-3.0742898
images/jsiec/1d6a4371d9cfc409.jpg,0,-1.7144095,-1.1461766
images/jsiec/328ffc00508271da.jpg,0,-2.2279723,-1.228029
images/jsiec/ffd6a53c57d4f5be.jpg,0,-2.948457,-2.2435489
images/jsiec/7fbd7c8b05190003.jpg,0,-3.8537204,-3.2911377
images/jsiec/accc9950eccba146.jpg,0,-3.748656,-3.2398272
images/jsiec/fe4c9785a92f7dc1.jpg,0,-3.1176593,-2.2279725
images/jsiec/75e510a281c81c82.jpg,0,-4.124322,-2.8440037
images/jsiec/b5c442ed63738d74.jpg,0,-1.6244636,-3.1543097
images/jsiec/7e29fb706538c524.jpg,0,-3.63504,-2.8702698
images/jsiec/a7a109cd1b8ff74a.jpg,0,-2.3232632,-2.4744458
images/jsiec/eacb435e24a20a42.jpg,0,-2.313948,-1.5254884
images/jsiec/f22f42b42381a17b.jpg,0,-2.0971003,-2.2172828
images/jsiec/635909305aa0e73d.jpg,0,-0.46020433,0.17415196
images/jsiec/003d313da15a43d1.jpg,0,-4.2147264,-3.551966
images/jsiec/06c33d1232d65274.jpg,0,-2.2519479,-1.6393908
images/jsiec/f4e58ab2519f4eba.jpg,0,-5.1761866,-3.198901
images/jsiec/a08dafe916442b76.jpg,0,-2.8317866,-2.2769923
images/jsiec/588342077e9a4215.jpg,0,-3.8372278,-1.5739166
images/jsiec/cb1e925764098d22.jpg,0,-4.3417807,-3.3821526
images/jsiec/70805c06b8f38cc7.jpg,0,-4.620323,-3.0871174
images/jsiec/a85565db88bd21a0.jpg,0,-3.6063306,-2.8855405
images/jsiec/766ed310d67c3624.jpg,0,-3.7327743,-2.7126732
images/jsiec/0b29f5c6b38324e5.jpg,0,-4.5616827,-3.7022324
images/jsiec/6a3f7b3a18d2ea08.jpg,0,-3.1543097,-1.849319
images/jsiec/d60b8d34b2b8ba47.jpg,0,-4.4046974,-3.3937585
images/jsiec/96cc1d6cc90e6924.jpg,0,-3.4927146,-2.7074811
images/jsiec/0101419155dc1427.jpg,0,-3.880597,-1.7347199
images/jsiec/54d122bc53bc29fa.jpg,0,-3.6826854,-3.4707243
images/jsiec/62eb53230d81d500.jpg,0,-4.2354946,-2.1064153
images/jsiec/9568dc01b7d2b042.jpg,0,-3.8628829,-3.623434
images/jsiec/6c9eba97c200a09d.jpg,0,-4.401643,-2.5730963
images/jsiec/251c9a1f547314a6.jpg,0,-4.2580957,-2.762762
images/jsiec/1ef451877b46a5fd.jpg,0,-0.7627224,-1.9932575
images/jsiec/390f3f17699509df.jpg,0,-1.9450011,-2.7157273
images/jsiec/0032ca6ba4705786.jpg,0,-3.5562418,-2.478111
images/jsiec/98fe23daddd60570.jpg,0,-2.7297766,-2.3617463
images/jsiec/470a237957c878e8.jpg,0,-3.9545088,-3.5183697
images/jsiec/06ff9773a08f3f85.jpg,0,-1.8332177,-1.4890862
images/jsiec/f2bf74033e18b260.jpg,0,-4.127987,-3.5873947
images/jsiec/52df5e7df46a5986.jpg,0,-1.6685965,-1.8342867
images/jsiec/375516f76743aeaa.jpg,0,-3.4407933,-2.7893333
images/jsiec/d8d9a47e051570dd.jpg,0,-3.9294646,-2.3782387
images/jsiec/9b8a67806ba65ddb.jpg,0,-2.3515146,-1.7863357
images/jsiec/00748b06d2ef30d5.jpg,0,-3.1842408,-2.8549986
images/jsiec/f07325d8913d80ac.jpg,0,-2.3953424,-1.3427904
images/jsiec/be305bab8e3664a5.jpg,0,-1.8820848,-1.7739663
images/jsiec/ef84080b3603c914.jpg,0,-4.302687,-3.164083
images/jsiec/2c50afc7c605741d.jpg,0,-4.1072187,-3.2508223
images/jsiec/0f5b089d17181167.jpg,0,-4.550688,-2.833619
images/jsiec/afd00604bf34de60.jpg,0,-5.1395364,-2.7908604
images/jsiec/a26583ba48ede6ba.jpg,0,-2.4603968,-2.5120125
images/jsiec/99e3f8df2c9bbc45.jpg,0,-2.2537804,-1.4812217
images/jsiec/38301bb4a1790639.jpg,0,-2.796969,-2.6766336
images/jsiec/ad4615b101e825df.jpg,0,-2.5315595,-2.308145
images/jsiec/ccccd8c5ae02d501.jpg,0,-4.4627266,-3.7700353
images/jsiec/0e5e0b35cd119a6f.jpg,0,-3.4200246,-2.7823088
images/jsiec/2ef64f4fd71507e0.jpg,0,-2.8812647,-2.2267509
images/jsiec/5f4817162f9182f7.jpg,0,-2.8030772,-1.9960063
images/jsiec/d3e60488b76ec1dc.jpg,0,-3.7529318,-2.5666826
images/jsiec/9e5345485a379a69.jpg,0,-0.6553674,-1.090342
images/jsiec/a77afe5133f08cc6.jpg,0,-3.6613061,-2.376101
images/jsiec/e7f9ff088d6951fd.jpg,0,-2.0683906,-1.9043803
images/jsiec/a89d9f6a92cfbb34.jpg,0,-1.3996748,-0.70774686
images/jsiec/c8711adb57d78979.jpg,0,-3.3021326,-2.4338253
images/jsiec/db97d90b0ec190b1.jpg,0,-2.2236965,-1.5704424
images/jsiec/878624f30c8629b0.jpg,0,-4.0052085,-2.9228017
images/jsiec/35658258cfdf6113.jpg,0,-3.688794,-3.3656602
images/jsiec/0f621db758c8df5c.jpg,0,-2.3837361,-1.4741206
images/jsiec/ca360ec75c9b11df.jpg,0,-2.540111,-2.4506233
images/jsiec/306d5a50acde0f6a.jpg,0,-1.4501262,-1.816725
images/jsiec/03d734d927fdbe33.jpg,0,-2.8449197,-2.6586137
images/jsiec/91c93117bdd15084.jpg,0,-3.157364,-2.3808348
images/jsiec/b80104168b728a87.jpg,0,-3.1582801,-2.0427356
images/jsiec/1cbb2400603a78f7.jpg,0,-4.2153373,-3.4585075
images/jsiec/e7448cb2f16b1604.jpg,0,-1.7334982,-1.3966205
images/jsiec/8128aadf3155dbbc.jpg,0,-2.5853133,-2.1476471
images/jsiec/6641a3f73c176804.jpg,0,-1.9868437,-1.920873
images/jsiec/b217cc4f5c573afb.jpg,0,-2.4078646,-2.0844252
images/jsiec/25560a9c910f9671.jpg,0,-3.8396711,-2.7511559
images/jsiec/5239bec1df1ba03c.jpg,0,-3.4811087,-1.62328
images/jsiec/e4334289e2387486.jpg,0,-3.3540542,-2.74688
images/jsiec/d5256090865bcbb3.jpg,0,-3.043748,-2.993659
images/jsiec/c0cd1f9834b8bb3e.jpg,0,-3.7260551,-2.4283276
images/jsiec/cc3f8d413551a689.jpg,0,-2.3305933,-2.1485634
images/jsiec/945ac48b297f8e8e.jpg,0,-1.4520351,-1.6364512
images/jsiec/e500447bd9eaa22c.jpg,0,-3.040388,-2.7762003
images/jsiec/1683d23ea55fe63c.jpg,0,-4.826787,-4.2721453
images/jsiec/e584da69b9cb65b3.jpg,0,-4.2715344,-1.9679172
images/jsiec/4ea2ceace6f0ba01.jpg,0,-5.706395,-3.2416596
images/jsiec/9f477cb42580c42d.jpg,0,-4.6997323,-1.7611387
images/jsiec/310324d268b8282e.jpg,0,-3.3613842,-2.048462
images/jsiec/e54c5011d034c7e2.jpg,0,-3.923814,-1.3834302
images/jsiec/7103aae65f0c8928.jpg,0,-4.8060184,-3.6179366
images/jsiec/85276dc85284f077.jpg,0,-5.350887,-1.2487593
images/jsiec/2eb4b383e7a92b29.jpg,0,-5.33867,-1.6025114
images/jsiec/14691b884a8e8ca4.jpg,0,-4.9263535,-2.274167
images/jsiec/4791a540e1552e16.jpg,0,-3.724757,-1.8562768
images/jsiec/edc49804ed9b7caf.jpg,0,-4.5983334,-2.1769385
images/jsiec/f82ee2c4169b9703.jpg,0,-5.1279306,-1.8777325
images/jsiec/04cae91f7085de01.jpg,0,-4.3323126,-2.3353274
images/jsiec/dfd79ac127fa6c37.jpg,0,-4.0714846,-1.1144129
images/jsiec/996608ba80062485.jpg,0,-5.074177,-1.5459707
images/jsiec/789adf600f0d66ac.jpg,0,-5.718001,-2.907836
images/jsiec/8624050f41cea58d.jpg,0,-4.803575,-2.4562736
images/jsiec/b6ccc35e82d4760f.jpg,0,-4.0172725,-1.9978387
images/jsiec/b77b74820c37b969.jpg,0,-4.611466,-1.6302664
images/jsiec/b740e1642bae9e21.jpg,0,-5.216502,-3.7327743
images/jsiec/fa13611e869abe6a.jpg,0,-6.168189,-2.0897698
images/jsiec/4e8c77741ef77f19.jpg,0,-4.7589836,-2.5483575
images/jsiec/9d3fec3c288a0d23.jpg,0,-5.072344,-2.8861513
images/jsiec/dba25d7168227750.jpg,0,-4.81457,-2.7760477
images/jsiec/aed57e3e3a1822c6.jpg,0,-4.3430023,-2.9811368
images/jsiec/cc85b6ffd275cd6f.jpg,0,-5.080285,-1.3826094
images/jsiec/b2fa53429ad93447.jpg,0,-5.3160686,-2.6056616
images/jsiec/a7c1364c82648a64.jpg,0,-4.668885,-1.5332193
images/jsiec/1ba4692383c27452.jpg,0,-2.9500604,-1.9805825
images/jsiec/cdb5a98bda601115.jpg,0,-5.141369,-2.6583085
images/jsiec/fb078e3492dc70c3.jpg,0,-2.5508008,-1.8894912
images/jsiec/5e1292f28aa1a587.jpg,0,-3.517759,-1.4971416
images/jsiec/fb4634c5223b5f09.jpg,0,-5.377153,-2.2120905
images/jsiec/7a4e8ac9bdace52d.jpg,0,-5.2042856,-1.8465798
images/jsiec/89a8229acf8264b2.jpg,0,-5.9751644,-1.6321372
images/jsiec/b47055de042d6d80.jpg,0,-4.5054855,-2.8375897
images/jsiec/45e15da2fe4d5e73.jpg,0,-6.143756,-2.5266726
images/jsiec/5c6ffa792247cacc.jpg,0,-3.9081233,-2.32815
images/jsiec/c3255661840446f9.jpg,0,-3.5490644,-2.8029246
images/jsiec/4b9446beb91f21b4.jpg,0,0.6298378,-2.4732242
images/jsiec/5106364edcec54cd.jpg,0,-4.7406583,-2.696486
images/jsiec/a31fce37703d7e1f.jpg,0,-4.8121266,-1.5678082
images/jsiec/c0d1ed4b4be2e135.jpg,0,-4.8335056,-2.1875806
images/jsiec/cbc16cd0b160d941.jpg,0,-4.7397423,-3.1176593
images/jsiec/04ec816c9756b62f.jpg,0,-4.744934,-2.4792943
images/jsiec/15c47752b1db204e.jpg,0,-4.471278,-2.355485
images/jsiec/69257e604ca7e7f2.jpg,0,-2.8801956,-1.039967
images/jsiec/53f1de17d97f03db.jpg,0,-5.9006414,-1.6672317
images/jsiec/41e70e20209220e0.jpg,0,-5.784582,-2.8867621
images/jsiec/abeb34e29e7c9f2b.jpg,0,-5.403419,-3.175689
images/jsiec/9efc88080e744c05.jpg,0,-4.4929633,-2.4153473
images/jsiec/8c639383b7760c38.jpg,0,-6.3758745,-4.407751
images/jsiec/a35a69779ec777d2.jpg,0,-4.96728,-2.8229296
images/jsiec/55d5a2baf215ad35.jpg,0,-4.6392593,-2.582202
